Publisher,Publisher2,Publisher3
Nintendo,Nintendo,Nintendo
Activision,Activision,Activision
Electronic Arts,Electronic Arts,Electronic Arts
Sony Computer Entertainment,Sony Computer Entertainment,Sony Computer Entertainment
Ubisoft,Ubisoft,Ubisoft
EA Sports,EA Sports,other
THQ,THQ,other
Sega,Sega,other
Rockstar Games,Rockstar Games,other
Capcom,Capcom,other
Konami,Konami,other
Square Enix,Square Enix,other
Atari,Atari,other
Microsoft Game Studios,Microsoft Game Studios,Microsoft Game Studios
Warner Bros. Interactive Entertainment,Warner Bros. Interactive Entertainment,other
Namco,Namco,other
LucasArts,LucasArts,other
Bethesda Softworks,Bethesda Softworks,other
Disney Interactive Studios,Disney Interactive Studios,other
Microsoft Studios,Microsoft Studios,other
2K Sports,2K Sports,other
Eidos Interactive,other,other
Namco Bandai,other,other
Midway Games,other,other
Blizzard Entertainment,other,other
Namco Bandai Games,other,other
Warner Bros. Interactive,other,other
2K Games,other,other
Acclaim Entertainment,other,other
Majesco,other,other
Sony Interactive Entertainment,other,other
VU Games,other,other
Square,other,other
Bandai,other,other
Codemasters,other,other
Atlus,other,other
Mojang,other,other
PUBG Corporation,other,other
Konami Digital Entertainment,other,other
Enix,other,other
Deep Silver,other,other
KOEI,other,other
D3 Publisher,other,other
Microsoft,other,other
MTV Games,other,other
EA Sports BIG,other,other
505 Games,other,other
RedOctane,other,other
Crave Entertainment,other,other
Tecmo Koei,other,other
Square EA,other,other
Sony Computer Entertainment America,other,other
Hudson Soft,other,other
Take-Two Interactive,other,other
Tecmo,other,other
Sierra Entertainment,other,other
989 Studios,other,other
Natsume,other,other
Hasbro Interactive,other,other
Focus Home Interactive,other,other
GT Interactive,other,other
NIS America,other,other
Valve,other,other
Banpresto,other,other
Vivendi Games,other,other
Xseed Games,other,other
Valve Corporation,other,other
Level 5,other,other
2K Play,other,other
Devolver Digital,other,other
Telltale Games,other,other
Infogrames,other,other
Buena Vista,other,other
Paradox Interactive,other,other
Universal Interactive,other,other
3DO,other,other
NCSoft,other,other
Aksys Games,other,other
ASCII Entertainment,other,other
Global Star Software,other,other
Agetec,other,other
Gotham Games,other,other
SouthPeak Interactive,other,other
Facepunch Studios,other,other
Interplay,other,other
Virgin Interactive,other,other
Destineer,other,other
Fox Interactive,other,other
City Interactive,other,other
Nordic Games,other,other
Edmund McMillen,other,other
TDK Mediactive,other,other
BAM! Entertainment,other,other
Broderbund,other,other
Studio Wildcard,other,other
Conspiracy Entertainment,other,other
SCS Software,other,other
Ultra Games,other,other
Zoo Games,other,other
"Infocom, Inc.",other,other
Maxis,other,other
THQ Nordic,other,other
"Destination Software, Inc",other,other
PopCap Games,other,other
Bandai Namco Games,other,other
Empire Interactive,other,other
Endnight Games Ltd,other,other
Sony Online Entertainment,other,other
Parker Bros.,other,other
Chucklefish,other,other
Imagic,other,other
Tengen,other,other
Arena Entertainment,other,other
Ignition Entertainment,other,other
Gearbox Software,other,other
Jaleco,other,other
Idea Factory,other,other
Red Orb,other,other
Rare,other,other
Mattel Interactive,other,other
Accolade,other,other
Tomy Corporation,other,other
Maximum Games,other,other
The Fun Pimps,other,other
Coleco,other,other
The Behemoth,other,other
Bandai Namco Entertainment,other,other
Psygnosis,other,other
Gathering of Developers,other,other
Mastiff,other,other
Game Factory,other,other
GameMill,other,other
Hello Games,other,other
ChunSoft,other,other
Toby Fox,other,other
Mindscape,other,other
DSI Games,other,other
SNK,other,other
Frontier Developments,other,other
Nicalis,other,other
Titus,other,other
UFO Interactive,other,other
Takara,other,other
Activision Blizzard,other,other
Valve Software,other,other
Frozenbyte,other,other
D3Publisher,other,other
DreamCatcher Interactive,other,other
NewKidCo,other,other
Kadokawa Shoten,other,other
Sammy Corporation,other,other
Introversion Software,other,other
Scholastic Inc.,other,other
Unknown Worlds Entertainment,other,other
Williams Entertainment,other,other
Aspyr,other,other
Daedalic Entertainment,other,other
Team17 Software,other,other
Zoo Digital Publishing,other,other
Human Entertainment,other,other
SNK Playmore,other,other
Sunflowers,other,other
Alchemist,other,other
XS Games,other,other
Taito,other,other
Red Storm Entertainment,other,other
Hitbox Team,other,other
Storm City Games,other,other
Trendy Entertainment,other,other
Compile,other,other
Bossa Studios,other,other
Takara Tomy,other,other
Kalypso Media,other,other
Working Designs,other,other
ASC Games,other,other
Westwood Studios,other,other
Remedy Entertainment,other,other
3909 LLC,other,other
Kemco,other,other
Valcon Games,other,other
Berserk Games,other,other
Little Orbit,other,other
Falcom,other,other
Rebellion Developments,other,other
Red Hook Studios,other,other
5pb,other,other
Imagineer,other,other
Ocean,other,other
Marvelous Interactive,other,other
GameMill Entertainment,other,other
Tripwire Interactive,other,other
Ndemic Creations,other,other
Video System,other,other
Mud Duck Productions,other,other
O-Games,other,other
Yacht Club Games,other,other
Enterbrain,other,other
20th Century Fox Video Games,other,other
Spike,other,other
Whiptail Interactive,other,other
Rocket Company,other,other
Mumbo Jumbo,other,other
Hinterland Studio Inc.,other,other
Crystal Dynamics,other,other
Hudson Entertainment,other,other
LEGO Media,other,other
GungHo Online Entertainment,other,other
Kalypso,other,other
Studio MDHR,other,other
Black Label Games,other,other
Greenheart Games,other,other
CDV Software Entertainment,other,other
Playmates,other,other
IE Institute,other,other
Invisible Handlebar,other,other
Nippon Columbia,other,other
Brash Entertainment,other,other
Knowledge Adventure,other,other
Cellar Door Games,other,other
Microprose,other,other
Koei Tecmo,other,other
Touchstone,other,other
Tigervision,other,other
Koch Media,other,other
Sold Out,other,other
Pinnacle,other,other
Spike Chunsoft,other,other
Double Fine Productions,other,other
FuRyu Corporation,other,other
Harmonix Music Systems,other,other
Nippon Ichi Software,other,other
Trapdoor,other,other
Milestone S.r.l.,other,other
Idea Factory International,other,other
Monomi Park,other,other
Aruze Corp,other,other
Trion Worlds,other,other
Epoch,other,other
Mega Crit Games,other,other
Saga Planets,other,other
Arc System Works,other,other
Warhorse Studios,other,other
Broccoli,other,other
Mentor Interactive,other,other
PQube,other,other
Acquire,other,other
Bigben Interactive,other,other
Amanita Design,other,other
Encore,other,other
Number None,other,other
Simon & Schuster Interactive,other,other
"mixi, Inc",other,other
SUPERHOT Team,other,other
Team Cherry,other,other
Telegames,other,other
Back To Basics Gaming,other,other
Crytek,other,other
Taxan,other,other
Jorudan,other,other
Jackbox Games,other,other
Gaijin Entertainment,other,other
"Mossmouth, LLC",other,other
Prototype,other,other
Seta Corporation,other,other
Abbey Games,other,other
Gamecock,other,other
Falcom Corporation,other,other
Playlogic Game Factory,other,other
Compile Heart,other,other
EuroVideo Medien,other,other
Hip Interactive,other,other
Graffiti,other,other
Kunos Simulazioni,other,other
Majesco Entertainment,other,other
Motion Twin,other,other
NEC Interchannel,other,other
NovaLogic,other,other
Mystique,other,other
New Reality Games,other,other
Messhof,other,other
Gust,other,other
Aquaplus,other,other
Men-A-Vision,other,other
Almost Human,other,other
DL Softworks,other,other
Terry Cavanagh,other,other
Triumph Studios,other,other
Gun Media,other,other
Kadokawa Games,other,other
The Adventure Company,other,other
Two Tribes,other,other
DrinkBox Studios,other,other
Joey Drew Studios Inc.,other,other
Mad Catz,other,other
Navarre Corp,other,other
Data Age,other,other
Quest,other,other
Positech Games,other,other
Rising Star Games,other,other
Wizards of the Coast,other,other
GSP,other,other
Playdead,other,other
Shiro Games,other,other
Grey Box,other,other
Nighthawk Interactive,other,other
Elf,other,other
Outright Games,other,other
Defiant Development,other,other
Re-Logic,other,other
SSI,other,other
Astragon,other,other
Big Ben Interactive,other,other
Rebellion Games,other,other
Team17 Digital Ltd,other,other
Avanquest,other,other
BetaDwarf,other,other
Cold Beam Games,other,other
Lace Mamba Global,other,other
CokeM Interactive,other,other
Studio Pixel,other,other
Irem Software Engineering,other,other
DECK13 Interactive GmbH,other,other
Vatical Entertainment,other,other
Young Horses,other,other
Red Mile Entertainment,other,other
Hidden Path Entertainment,other,other
Kiss,other,other
Paramount Digital Entertainment,other,other
SquareSoft,other,other
KillHouse Games,other,other
Microids,other,other
Spectrum Holobyte,other,other
TinyBuild Games,other,other
CPG Products,other,other
ESP,other,other
Stardock,other,other
Fireproof Games,other,other
ValuSoft,other,other
BPS,other,other
DTP Entertainment,other,other
EQ Games,other,other
Milestone S.r.l,other,other
Rooster Teeth Games,other,other
Soedesco,other,other
Viva Media,other,other
Answer Software,other,other
ArtDink,other,other
Hect,other,other
Hot-B,other,other
Black Pearl,other,other
Frictional Games,other,other
"Thekla, Inc.",other,other
Vertigo Gaming Inc.,other,other
10TACLE Studios,other,other
704Games,other,other
Facepalm Games,other,other
Invent4 Entertainment,other,other
Strategy First,other,other
Modulaatio Games,other,other
inXile Entertainment,other,other
Milkstone Studios,other,other
Victor Interactive,other,other
Media Rings,other,other
Victory Lap Games,other,other
Shogakukan,other,other
Zen Studios,other,other
MTO,other,other
TDK Core,other,other
Angel Studios,other,other
NEC,other,other
Coffee Stain Studios,other,other
Jack of All Games,other,other
Marvelous Entertainment,other,other
Activision Value,other,other
JForce Games,other,other
Ninja Theory,other,other
TYO,other,other
Headup Games,other,other
Sunsoft,other,other
Xicat Interactive,other,other
Hemisphere Games,other,other
Ironhide Game Studio,other,other
Magical Company,other,other
Bold Games,other,other
NCS,other,other
JoWood Productions,other,other
P2 Games,other,other
Thomas Happ Games,other,other
989 Sports,other,other
Black Bean Games,other,other
Double Damage Games,other,other
GameTrust,other,other
Jetdogs Studios,other,other
Lazy 8 Studios,other,other
The Astronauts,other,other
"Arcen Games, LLC",other,other
E-Line Media,other,other
Fabio Ricci,other,other
Image & Form Games,other,other
Tru Blu Entertainment,other,other
Aqua Plus,other,other
GSC Game World,other,other
New,other,other
Tommo,other,other
AGM Playism,other,other
GrabTheGames,other,other
Insomniac Games,other,other
Magix,other,other
Polytron Corporation,other,other
Versus Evil,other,other
Iceberg Interactive,other,other
ITT Family Games,other,other
Puppy Games,other,other
Quinrose,other,other
Dagestan Technology,other,other
Asylum Entertainment,other,other
Benesse,other,other
Dramatic Create,other,other
Legacy Interactive,other,other
MLB Advanced Media,other,other
Pioneer LDC,other,other
Rondomedia,other,other
A1 Games,other,other
Gaijinworks,other,other
Broken Rules,other,other
Siberian Digital,other,other
Hamster Corporation,other,other
Wargaming.net,other,other
CBS Electronics,other,other
Evolved Games,other,other
"H2 Interactive Co., Ltd.",other,other
Hackberry,other,other
Home Entertainment Suppliers,other,other
Kokopeli Digital Studios,other,other
Marvelous,other,other
Oddworld Inhabitants,other,other
Sam Barlow,other,other
Snail Games USA,other,other
Tribute Games,other,other
Vlambeer,other,other
Skybound Games,other,other
Merge Games,other,other
Metro 3D,other,other
Sidhe Interactive,other,other
ARUSH Entertainment,other,other
Detn8 Games,other,other
Media Factory,other,other
MLB.com,other,other
CyberFront,other,other
Lince Works,other,other
Neocore Games,other,other
Out of crumpet's:,other,other
Ysbryd Games,other,other
ASCII Media Works,other,other
Culture Brain,other,other
Nichibutsu,other,other
U.S. Gold,other,other
Yeti,other,other
Zono Incorporated,other,other
Groove Games,other,other
Milestone,other,other
Night Node Software,other,other
Nihon Falcom Corporation,other,other
AQ Interactive,other,other
Asgard,other,other
Cherry Pop Games,other,other
Digital Leisure Inc.,other,other
From Software,other,other
Nippon Telenet,other,other
Ripcord Games,other,other
Rising Star,other,other
Time Warner Interactive,other,other
Trickjump Games Ltd,other,other
Vir2L Studios,other,other
1C Company,other,other
Alternative Software,other,other
Axela,other,other
D-Pad Studio,other,other
Dusenberry Martin Racing,other,other
Happinet,other,other
Kasedo Games,other,other
Midas Interactive Entertainment,other,other
O~3 Entertainment,other,other
Paon,other,other
Proletariat Inc.,other,other
TopWare Interactive,other,other
WolfgangIs,other,other
Big Sandwich Games,other,other
CharlieH,other,other
Coconut Island Games,other,other
Destructive Creations,other,other
Might and Delight,other,other
Necrophone Games,other,other
O3 Entertainment,other,other
PM Studios,other,other
Powerhoof Pty Ltd,other,other
Real Dynamics,other,other
Revolution Software,other,other
Sometimes You,other,other
White Dog,other,other
Wired Productions,other,other
Asmik Ace Entertainment,other,other
Cave,other,other
Good Shepherd Entertainment,other,other
Plug In Digital,other,other
Daito,other,other
Rainbow Games,other,other
Excalibur Publishing Limited,other,other
Asteroid Base,other,other
Behold Studios,other,other
Bohemia Interactive,other,other
Bomb,other,other
Data East,other,other
Forever Entertainment S.A.,other,other
Naarassusi Publisher,other,other
Success,other,other
Ghostlight,other,other
Avalanche Studios,other,other
Game-Labs,other,other
Matt Makes Games Inc.,other,other
On Demand,other,other
Sears,other,other
Adult Swim,other,other
Merscom LLC,other,other
Namco Networks America Inc.,other,other
Over The Top Games,other,other
Owlchemy Labs,other,other
Planet Entertainment,other,other
11 bit studios,other,other
Core Design Ltd.,other,other
Dark Energy Digital,other,other
Dejobaan Games,other,other
Essential Games,other,other
Gears for Breakfast,other,other
Glaiel Games,other,other
GR3 Project,other,other
Kaga Create,other,other
Killmonday Games,other,other
Krillbite Studio,other,other
Media Works,other,other
Pub Games,other,other
Reef Entertainment,other,other
Zoo Games silver,other,other
Capcom Entertainment,other,other
GungHo,other,other
Curve Digital,other,other
DarkGod,other,other
GarageGames,other,other
Independent,other,other
Micro Cabin,other,other
PlayV,other,other
Sound Source Interactive,other,other
Sunrise Interactive,other,other
System 3,other,other
Acid Wizard Studio,other,other
AlienTrap Games,other,other
Asmik Corp,other,other
Avalon Interactive,other,other
Entergram,other,other
Galaxy Trail,other,other
Ravenscourt,other,other
Refract Studios,other,other
Trigger Apps,other,other
VR Sports,other,other
W!Games,other,other
Yuke's,other,other
System 3 Arcade Software,other,other
Aques,other,other
Bandai Visual,other,other
Bit Blot,other,other
Carbine Studios,other,other
Endless Fluff Games,other,other
FCI,other,other
Gainax Network Systems,other,other
Hothead Games,other,other
Nitro+,other,other
Slitherine Software,other,other
Syscom,other,other
WayForward Technologies,other,other
YuPlay,other,other
Rain Games,other,other
ArtwareGames,other,other
Beatnik Games,other,other
Big Fish Games,other,other
Comfort,other,other
Indie Voyage,other,other
indiePub,other,other
Over The Moon,other,other
SVG Distribution,other,other
Unfinished Pixel,other,other
Aerosoft,other,other
bitComposer Games,other,other
Dan Walters,other,other
Dovetail Games,other,other
Experience Inc.,other,other
Funbox Media,other,other
Game Arts,other,other
General Entertainment,other,other
Genki,other,other
Got Game Entertainment,other,other
Imadio,other,other
Meridian4,other,other
Nihon Falcom Corp,other,other
Sony Music Entertainment,other,other
Virtual Play Games,other,other
Sony Computer Entertainment Europe,other,other
Gremlin Interactive Ltd,other,other
Hitcents,other,other
Myelin Media,other,other
responDESIGN,other,other
Wadjet Eye Games,other,other
Excalibur Publishing,other,other
Agharta Studio,other,other
Alda Games,other,other
Analgesic Productions,other,other
Brogames,other,other
Chubby Pixel,other,other
Cleverweek,other,other
Flight-Plan,other,other
Frogmind,other,other
JVC,other,other
Lighthouse Games Studio,other,other
Psyonix Studios,other,other
Ready at Dawn,other,other
Russel,other,other
Screen 7,other,other
Space Boat Studios,other,other
T&E Soft,other,other
TGL,other,other
ThinkOfGames,other,other
Type-Moon,other,other
Aterdux Entertainment,other,other
Avanquest Software,other,other
Batterystaple Games,other,other
Beamdog,other,other
Biart Design Studio,other,other
Black Shell Media,other,other
Butterscotch Shenanigans,other,other
Crackshell,other,other
Creative Core,other,other
DoubleBear Productions,other,other
Electro Brain,other,other
Endless Loop Studios,other,other
Extend Studio,other,other
Firemint,other,other
Gameloft,other,other
Giorgi Abelashvili,other,other
Humble Bundle,other,other
Iceflake Studios,other,other
Indimo Labs LLC,other,other
Interchannel,other,other
KHB-Soft,other,other
Love Conquers All Games,other,other
Lupus Studios Limited,other,other
LVGameDev LLC,other,other
Northway Games,other,other
Ocean Software,other,other
OneBigGame,other,other
Pack-In-Video,other,other
Panasonic Interactive Media,other,other
Retro Affect,other,other
Rock Path Collective,other,other
Secret Exit Ltd.,other,other
Secret Stash Games,other,other
Sekai Project,other,other
Somi,other,other
Synnergy Circle Games,other,other
Team 17,other,other
Team Indev,other,other
Three Flip Studios,other,other
TOHO,other,other
Uppercut Games Pty Ltd,other,other
Wales Interactive Ltd.,other,other
Walter Machado,other,other
"What Pumpkin Games, Inc.",other,other
Winged Cloud,other,other
Zachtronics Industries,other,other
ZackBellGames,other,other
ZOV GAME STUDIO,other,other
AIA,other,other
Axyos Games,other,other
Black Eye Games,other,other
Black Lime Studio,other,other
Blender Games,other,other
Cadenza Interactive,other,other
Cobra Mobile,other,other
Double Fine Presents,other,other
Games Workshop,other,other
GameTek,other,other
Gearbox Publishing,other,other
"Genius Products, Inc.",other,other
GN Software,other,other
Image Epoch,other,other
K Bros Games,other,other
Kazakov Oleg,other,other
LAN - GAMES EOOD,other,other
Lavaboots Studios,other,other
Matthew Brown,other,other
MinMax Games Ltd.,other,other
Missing Link Games,other,other
NeocoreGames,other,other
Neognosis,other,other
Nickervision Studios,other,other
Peace,other,other
Phantom EFX,other,other
PlayWay,other,other
Quaint Emerald,other,other
Rusty Lake,other,other
Smudged Cat Games,other,other
Sorath,other,other
Starfish,other,other
Those Awesome Guys,other,other
Edia,other,other
DotEmu,other,other
Griffin International,other,other
Hearty Robin,other,other
Mastertronic,other,other
Nippon Amuse,other,other
Origin Systems,other,other
Perp Games,other,other
Princess Soft,other,other
Techland,other,other
TREVA Entertainment,other,other
Alawar Entertainment,other,other
Badland Games,other,other
Egosoft,other,other
Focus Multimedia,other,other
Glams,other,other
iWin,other,other
KID,other,other
Sprite,other,other
System Soft,other,other
Telstar,other,other
7G//AMES,other,other
American Technos,other,other
Aria,other,other
Athena,other,other
Blast! Entertainment Ltd,other,other
Evolution Games,other,other
FDG Entertainment,other,other
Locus,other,other
Misawa,other,other
New Blood Interactive,other,other
Perfect World Entertainment,other,other
Perpetual,other,other
Polykid,other,other
Warp,other,other
eGames,other,other
Alliance Digital Media,other,other
Ascaron Entertainment,other,other
Crimson Cow,other,other
DigiCube,other,other
Ecole,other,other
Fortyfive,other,other
Grand Prix Games,other,other
HAL Laboratory,other,other
Imax,other,other
Marvel Entertainment,other,other
Nobilis,other,other
"Orbital Media, Inc.",other,other
Sonnet,other,other
Sweets,other,other
Yumedia,other,other
Zenrin,other,other
Acttil,other,other
Anuman,other,other
Coconuts Japan,other,other
Dorart,other,other
Eidos Interactive Ltd,other,other
Funcom,other,other
G.Rev,other,other
Gakken,other,other
Giants Software,other,other
Granzella,other,other
honeybee,other,other
Klei Entertainment,other,other
Licensed 4U,other,other
Minato Station,other,other
Modus Games,other,other
Oxygen Interactive,other,other
Phantagram,other,other
Phantom 8 Studio,other,other
Piacci,other,other
Pony Canyon,other,other
Pow,other,other
RTL,other,other
Stainless Games,other,other
Summitsoft,other,other
Tequila Works,other,other
The Learning Company,other,other
Tivola,other,other
Tulip Games,other,other
Vap,other,other
Viacom,other,other
Yamasa Entertainment,other,other
Alvion,other,other
Cygames,other,other
Her Interactive,other,other
HuneX,other,other
id Software,other,other
IGS,other,other
imageepoch Inc.,other,other
Kids Station,other,other
Lionhead Studios,other,other
Masque Publishing,other,other
Maximum Family Games,other,other
Neko Entertainment,other,other
Playmore,other,other
Rebellion,other,other
Riverhillsoft,other,other
Rombax Games,other,other
SCi,other,other
Societa,other,other
SouthPeak Games,other,other
Sting,other,other
UIG Entertainment,other,other
Views,other,other
Villa Gorilla,other,other
Zushi Games,other,other
3 O'Clock,other,other
49Games,other,other
ASK,other,other
Badland Studio,other,other
Berkeley,other,other
BushiRoad,other,other
CK Games,other,other
Datam Polystar,other,other
Fields,other,other
Fuji,other,other
Global A Entertainment,other,other
Kamui,other,other
Karin Entertainment,other,other
KSS,other,other
Leadman Games,other,other
Mamba Games,other,other
Mediascape,other,other
Nexon,other,other
Office Create,other,other
Paon Corporation,other,other
RED Entertainment,other,other
Rejet,other,other
SystemSoft Alpha,other,other
Takuyo,other,other
Tryfirst,other,other
U&I Entertainment,other,other
4-Aug,other,other
Arika,other,other
Blue Byte,other,other
Daedalic,other,other
Dispatch Games,other,other
El Dia,other,other
Enlight,other,other
Epic Games,other,other
fonfun,other,other
Foreign Media Games,other,other
Gaga,other,other
Giga,other,other
Graphsim Entertainment,other,other
Hoplite Research,other,other
Imageworks,other,other
Inti Creates,other,other
King Records,other,other
League of Geeks,other,other
M2,other,other
MAGES,other,other
Mirai Shounen,other,other
Monte Christo Multimedia,other,other
Moss,other,other
Mycom,other,other
New World Computing,other,other
Obsidian Entertainment,other,other
Plenty,other,other
Quintet,other,other
ReadySoft,other,other
Red Flagship,other,other
Revolution (Japan),other,other
System Soft Alpha,other,other
Technical Associates Inc,other,other
Technos Japan Corporation,other,other
Turbine Inc.,other,other
Visco,other,other
Warashi,other,other
Abel,other,other
Agatsuma Entertainment,other,other
ArenaNet,other,other
Assemble Entertainment,other,other
Bergsala Lightweight,other,other
Best Media,other,other
Boost On,other,other
Commseed,other,other
Dimple Entertainment,other,other
Easy Interactive,other,other
Gadget Soft,other,other
Genterprise,other,other
GMX Media,other,other
Harukaze,other,other
Hiromi,other,other
iMel,other,other
Interchannel-Holon,other,other
Interplay Productions,other,other
KING Art Games,other,other
Lighthouse Interactive,other,other
Matatabi,other,other
Media Entertainment,other,other
Michaelsoft,other,other
Naxat Soft,other,other
NetRevo,other,other
Nippon Cultural Broadcasting eXtend,other,other
Nitroplus,other,other
Now Production,other,other
Ongakukan,other,other
Otomate,other,other
Otomate Idea Factory,other,other
Paradox Development,other,other
Qute,other,other
RailSimulator.com,other,other
Shin'en,other,other
Silky`s,other,other
Studio Artdink,other,other
SystemSoft,other,other
TalonSoft,other,other
Team Meat,other,other
Tri Synergy,other,other
Triangle Service,other,other
Wolfgame,other,other
][ Games,other,other
@unepic_fran,other,other
100 Gates,other,other
10tons,other,other
10tons Ltd,other,other
1337 Game Design,other,other
13cm,other,other
14 Degrees East,other,other
17-Bit,other,other
1C Maddox Games,other,other
1st Playable,other,other
21st Century Entertainment,other,other
22Cans,other,other
2Awesome Studio,other,other
2D Boy,other,other
2DEngine.com,other,other
2K Australia / 2K Boston,other,other
2K Boston,other,other
2XL Games,other,other
"2XL Games, Inc.",other,other
3 Sprockets,other,other
3000AD,other,other
3A Studios,other,other
3D Realms,other,other
3rd Eye Studios,other,other
4PM Game LTD,other,other
4Pockets.com,other,other
"505 Games US, Inc.",other,other
7Levels,other,other
7th Level,other,other
8bits fanatics,other,other
8Floor,other,other
99Games,other,other
99Games Online Private Limited,other,other
A Crowd of Monsters,other,other
A&E Television Networks Mobile,other,other
AAA,other,other
Abandon Interactive Entertainment,other,other
Absolute Entertainment,other,other
Abstraction Games,other,other
Abylight,other,other
Access Software,other,other
Acer,other,other
Ackkstudios,other,other
Action Button Entertainment LLC,other,other
Active,other,other
Active Data Online Pty Ltd,other,other
Active Enterprises,other,other
Active Gaming Media,other,other
"Activision Publishing, Inc.",other,other
Actoz Soft,other,other
Acute Entertainment,other,other
adamgryu,other,other
ADK,other,other
Adult Dream,other,other
Advanced Studio LLC,other,other
Adventure Soft,other,other
aeiowu,other,other
Aeria Games & Entertainment,other,other
Aexol,other,other
Affect,other,other
Afterthought Studios,other,other
age,other,other
Agenda,other,other
AGENIUS Interactive,other,other
Aicom,other,other
Ail,other,other
AJTilley,other,other
Akabee Soft 2,other,other
Akaoni Studio,other,other
Akatsuki Works,other,other
Akella,other,other
Aki Corp.,other,other
Akinai Games,other,other
Akupara Games,other,other
Alcot,other,other
Aldorlea Games,other,other
Alegrium,other,other
Alexey Saenko,other,other
Alice Soft,other,other
Alientrap Games Inc,other,other
All Yes Good,other,other
Allied Kingdoms,other,other
Alpha Unit,other,other
Alphastar,other,other
Alten8,other,other
althi Inc.,other,other
Altron,other,other
AMA Studios,other,other
Amaginz,other,other
Amaranth Games,other,other
Amateur Pixels,other,other
Amaze Entertainment / Griptonite Games,other,other
Amazing Inc.,other,other
Ambition,other,other
Ambrosia,other,other
Amedeo,other,other
American Laser Games,other,other
"American Laser Games, Inc",other,other
American Sammy,other,other
American Softworks,other,other
American Video Entertainment,other,other
Amtechs,other,other
Amuse,other,other
Anaconda,other,other
Anansi Studios,other,other
Anarchy Enterprises,other,other
Ancient,other,other
Andamiro U.S.A. Corp.,other,other
Ange,other,other
Angel Smile,other,other
Angie,other,other
Anikids,other,other
Animoca,other,other
Ankama Games,other,other
Ankh,other,other
Annapurna Interactive,other,other
Another Indie,other,other
Anozor SARL,other,other
Ant Workshop,other,other
Ant Workshop Ltd,other,other
Antinos Records,other,other
AOL,other,other
Apogee,other,other
"Apogee Software, Ltd.",other,other
Apollo,other,other
Apollon Create,other,other
Apparition Games,other,other
Appetite,other,other
Apprope,other,other
AppXplore Sdn Bhd,other,other
AppyNation Ltd.,other,other
aPriori Digital,other,other
Aqua House,other,other
Aqua Rouge,other,other
Aqualuft Games,other,other
AQUIRIS,other,other
Arachnid Games,other,other
Arcade Distillery,other,other
Arcade Lab,other,other
Arcadia Corporation,other,other
Arcadia Systems,other,other
Argent,other,other
Aries Online,other,other
Aroma,other,other
Ars System Works,other,other
Art Data Interactive,other,other
Art of War,other,other
Artem Karakozov,other,other
ArtePiazza,other,other
Artifex Mundi sp. z o.o.,other,other
ArtVostok,other,other
Artworx Software Company,other,other
Ascaron Entertainment GmbH,other,other
Ascon Software,other,other
Asmodee Digital,other,other
ASNetworks,other,other
Aspect,other,other
"Aspyr Media, Inc.",other,other
Assoria,other,other
Astec 21,other,other
astragon Software GmbH,other,other
Asymmetric,other,other
Atari Games(Midway),other,other
Atarisoft,other,other
Ateam,other,other
Atlus Online,other,other
Atmark,other,other
Atomicom,other,other
Atooi,other,other
Attu Games,other,other
Atypical Alchemists Associate,other,other
Atypical Games,other,other
Authering Heaven,other,other
Aventurine SA,other,other
Avex,other,other
AWEM Studio,other,other
Awesome Games Studio,other,other
Axl,other,other
Ayopa Games LLC,other,other
Ayyo Games,other,other
Azerbo,other,other
B-Factory,other,other
Backflip Studios,other,other
Balcony Team,other,other
Ballistic,other,other
Ballpit Monster,other,other
Bally Midway,other,other
Bandai Namco,other,other
Bass Professor,other,other
Bastian Schick,other,other
Battlebard Games,other,other
Battlefront.com,other,other
BattleGoat Studios,other,other
BBC Multimedia,other,other
BBC Worldwide,other,other
bch waves studio,other,other
Beam Software,other,other
Beat Games,other,other
Beatshapers,other,other
Bec,other,other
"Beeline Interactive, Inc.",other,other
BeF,other,other
Behaviour Interactive,other,other
BeiZ Ltd.,other,other
BeLight Software,other,other
Bellda Soft,other,other
Benjamin Rivers Inc.,other,other
Berzerk Studio,other,other
Beyond Software,other,other
bhv Software,other,other
BiCore,other,other
Bifrost Entertainment,other,other
Big Ant Studios,other,other
Big Blue Bubble,other,other
Big Five Software,other,other
Big Fun Games,other,other
Big Head Games,other,other
Big John Games,other,other
BigBrik Games,other,other
Bignet,other,other
Billy Goat Entertainment,other,other
Bimboosoft,other,other
Binary Takeover LLC,other,other
Binary Tweed,other,other
Binbou Soft,other,other
BioWare,other,other
BiP Media,other,other
Bishop Games,other,other
"Bit By Bit Studios, LLC",other,other
Bit Corporation,other,other
Bitmap Brothers,other,other
"BitMonster, Inc.",other,other
Bitten Toast Games,other,other
Bizarre Creations,other,other
Black Dragon,other,other
Black Isle Studios,other,other
Black Package,other,other
Black Psyche,other,other
Black Widow Games,other,other
Black Wing Foundation,other,other
Blackfire Games,other,other
BlackMoon Design,other,other
Blade Interactive,other,other
bleem!,other,other
Blendo Games,other,other
Blind Mind Studios,other,other
BlitWorks,other,other
Blitz Game Studios,other,other
Bloober Team,other,other
Bloober Team S.A.,other,other
Blue Print,other,other
Bluestone Interactive,other,other
BMG Interactive Entertainment,other,other
Boll AG,other,other
bom667,other,other
BombDog,other,other
Boolat Games,other,other
Bootdisk Revolution,other,other
Borealys Games,other,other
Born Ready Games,other,other
Bothtec,other,other
Bottom Up,other,other
Bplus,other,other
Brace Yourself Games,other,other
Brain Gray,other,other
Breakfall,other,other
Brighter Minds Media,other,other
Bubble Quiz Games,other,other
BudCat Games,other,other
Buka Entertainment,other,other
Buka Enterteinment,other,other
Bulbware,other,other
Bulkypix,other,other
Bullet Proof Software,other,other
Bullfrog Productions,other,other
Bunch Games,other,other
Bungie Software,other,other
Burian Media Enterprises,other,other
C's Ware,other,other
Calaris,other,other
California Dreams,other,other
California Pacific,other,other
Camerica,other,other
Campo Santo,other,other
Canal+ Multimedia,other,other
Cancer Research UK,other,other
Candy Games,other,other
Candystand,other,other
Capcom / Mitchell Corporation,other,other
Capcom Production Studio 1,other,other
CapDisc,other,other
Capstone Software,other,other
Capybara Games,other,other
Caramel Pot,other,other
Caravel Games,other,other
Carnivore Studio,other,other
Cartoon Network,other,other
Case in Point Studios,other,other
Casual Bit Games,other,other
Catarite,other,other
Cateia Games,other,other
CBE Software s.r.o.,other,other
CBS / Sony,other,other
CCP,other,other
CD Bros.,other,other
CD Projekt Red Studio,other,other
Celsius Game Studios,other,other
Cendyne,other,other
Cerasus Media,other,other
cerasus.media,other,other
CERVO MEDIA GMBH,other,other
CGE Services Corporation,other,other
Chainsawesome Games,other,other
Chair Entertainment,other,other
Channel 4 Television Corporation,other,other
Chaos89,other,other
Chara-ani,other,other
Character Soft,other,other
Charlie Williams,other,other
Chat Noir,other,other
Cheapass Games,other,other
Chilled Mouse,other,other
Chillingo,other,other
Chillingo Ltd,other,other
Choice of Games,other,other
Choice Provisions,other,other
Chorus Worldwide Games,other,other
Chronic Logic,other,other
Cie Games,other,other
Ciel,other,other
Cinemaware,other,other
Cinemax,other,other
Cipher Prime,other,other
CIRCLE Entertainment,other,other
Circus,other,other
City State Entertainment,other,other
CJ Internet Corp.,other,other
CJ Internet Japan,other,other
Classified Games,other,other
cleaversoft,other,other
Clef Inventor,other,other
Climax,other,other
Climax Entertainment,other,other
Clochette,other,other
Clock Up,other,other
Cloud Imperium Games Corporation,other,other
Coatsink Software,other,other
Cocktail Soft,other,other
COCOSOLA Inc.,other,other
Code 4 Development LLC,other,other
Code Fusion,other,other
CodeHatch,other,other
Codemasters Online,other,other
CodProd,other,other
Collavier Corporation,other,other
"COLOPL, Inc.",other,other
Color Dreams,other,other
Columbia Music Entertainment,other,other
Com2uS,other,other
"CommaVid, Inc.",other,other
Commodore,other,other
Commotion Interactive,other,other
Comolink,other,other
Complete-IT,other,other
Completes,other,other
Compulsion Games,other,other
ComputerEasy,other,other
Conifer Games,other,other
Connect2Media,other,other
"Conversion, LLC",other,other
Cooking Mama Ltd.,other,other
Copenhagen Creators,other,other
Copysoft,other,other
Corbomite Games,other,other
"Corecell Technology Co.,Ltd.",other,other
Coresoft,other,other
Cosen,other,other
Cosmigo,other,other
Cosmonaut Games,other,other
Cowboy Rodeo,other,other
COWCAT,other,other
CP Decision Limited,other,other
Crackpot Entertainment,other,other
Crazy Labs,other,other
Crazy Monkey,other,other
Crazy Viking Studios,other,other
Crea-ture Studios,other,other
Creability,other,other
Creat Studio,other,other
Creat Studios,other,other
Creative Bytes Studios,other,other
Creative Dimension,other,other
CremaGames,other,other
Crescent Moon Games,other,other
CRI,other,other
Crowd,other,other
Crowdstar Inc,other,other
Crunching Koalas,other,other
CrunchTime Games,other,other
Cryo Interactive,other,other
Cryptozoic Entertainment,other,other
CrystalVision,other,other
Csharks Games & Solutions Pvt Ltd,other,other
CSK Research Institute,other,other
Culture Publishers,other,other
Curve Studios,other,other
Cyan Worlds,other,other
Cyber Planet,other,other
Cyber Planet Interactive,other,other
"CyberAgent, Inc.",other,other
Cyberdreams,other,other
CyberPlanet Interactive,other,other
CyberSoft,other,other
"CyberStep Communications, Inc.",other,other
Cybird,other,other
Cyc,other,other
Cypronia,other,other
D'Avekki Studios Limited,other,other
D2C Games,other,other
D4 Enterprise,other,other
Dahku Creations,other,other
Dai Nippon Printing,other,other
Daiki,other,other
Daikoku,other,other
Daiwon C&A,other,other
Dakko Dakko,other,other
Dan & Gary Games,other,other
Dan Da Rocha,other,other
DAN-BALL,other,other
DANGEN Entertainment,other,other
Daniel Wright,other,other
Dark Day Interactive,other,other
Dark Sky Entertainment,other,other
DarkElite,other,other
Darkwind Media,other,other
Data Design Interactive,other,other
DataWest,other,other
Datel,other,other
Datt Japan,other,other
Davilex,other,other
DAVLevels,other,other
Daybreak Games,other,other
"Days Of Wonder, Inc.",other,other
Dazz,other,other
Deck 13,other,other
Deco Digital,other,other
Decode Entertainment Inc.,other,other
Deemedya M.S. Ltd.,other,other
Deep Fried Entertainment,other,other
Deep River Publishing,other,other
Degica,other,other
Desura,other,other
Devilish Developments,other,other
Dextell Ltd.,other,other
Dharker Studio,other,other
DHM Interactive,other,other
Dice Multimedia,other,other
Diego Acevedo,other,other
DiezelPower,other,other
DifferenceGames,other,other
Digerati,other,other
Digerati Distribution,other,other
Digi-chain Games,other,other
DigiPen Game Studios,other,other
Digital Chocolate,other,other
Digital Dreams,other,other
Digital Entertainment Pool,other,other
Digital Extremes,other,other
Digital Goldfish,other,other
Digital Jesters,other,other
Digital Kids,other,other
Digital Media Lab,other,other
Digital Pictures,other,other
Digital Tales,other,other
Digital Tentacle,other,other
Digital Tribe Games,other,other
Digital Works Entertainment,other,other
Digital Worldwide,other,other
DigiToys,other,other
Dinamic Multimedia,other,other
Dingo Inc.,other,other
Direct Solutions,other,other
Disastercake,other,other
Discord Games,other,other
Discovery Channel Multimedia,other,other
Disney Online,other,other
Diversions Entertainment,other,other
DK Games,other,other
DMM Games,other,other
Dobermann,other,other
Dolores Entertainment SL,other,other
Domark Software,other,other
Dong Nguyen,other,other
DONTNOD Entertainment,other,other
Doppler Interactive,other,other
Doragon Entertainment,other,other
Dorasu,other,other
Dorat,other,other
Double Down Interactive,other,other
Double Eleven,other,other
Doublesix,other,other
DPFLASHES STUDIOS,other,other
DQ Team,other,other
Draknek,other,other
Dreadlocks Ltd,other,other
Dream Forge Entertainment,other,other
Dreamatrix,other,other
dreamfab,other,other
Dreams,other,other
DreamWorks Interactive,other,other
Drool,other,other
Dry Cactus Limited,other,other
DTMC,other,other
Duaik Entretenimento,other,other
duangle,other,other
Dufgames,other,other
DUX Software Corporation,other,other
DYNAMICNEXT,other,other
Dynamix,other,other
E-Frontier,other,other
E-Games,other,other
E-Home Entertainment,other,other
EA Mobile,other,other
EA Originals,other,other
Eagle Capital LLC.,other,other
East Entertainment Media,other,other
EastAsiaSoft,other,other
EASY Inc.,other,other
Eclipse Entertainment,other,other
Eclipse Games,other,other
ECRUSH DI DI NATALE SALVATORE,other,other
Edelweiss,other,other
Edge of Reality,other,other
Edmark,other,other
Eduardas Klenauskis,other,other
Educational Network,other,other
EFUN COMPANY LIMITED,other,other
eFusion MMOG GmbH,other,other
Eighting,other,other
Elcom,other,other
Electric Dreams Software,other,other
Electron Jump Games,other,other
Electronic Arts Victor,other,other
Electronic Visual Elements,other,other
Element 5,other,other
Elephant Entertainment,other,other
Elite,other,other
Emad,other,other
Ember Entertainment,other,other
"Emotion, Inc.",other,other
Emu,other,other
En Masse Entertainment,other,other
Endgame Studios,other,other
Engine Software,other,other
Enhance,other,other
Enjoy Gaming,other,other
Enjoy Gaming ltd.,other,other
EnjoyUp Games,other,other
"ENTERBRAIN,INC.",other,other
EON Digital Entertainment,other,other
Epic Pixel,other,other
Epiphany Games,other,other
Episode Interactive,other,other
EPS/Electronic Zoo,other,other
Epyx,other,other
Erik Svedang,other,other
Ertain,other,other
Escude,other,other
Eufonie,other,other
Europa-Apps,other,other
Europress,other,other
Eushully,other,other
Eutechnyx,other,other
Event Horizon Software,other,other
Eversim,other,other
Evgeniy Kolpakov,other,other
Evil Indie Games,other,other
Evil Twin Artworks,other,other
evoline srl,other,other
Execution Labs,other,other
Exkee,other,other
EXOR Studios,other,other
exoSyphen Studios,other,other
Expert,other,other
Extreme Entertainment Group,other,other
F&C,other,other
Fabraz,other,other
Fabtek,other,other
FACE,other,other
Factor 5,other,other
Failbetter Games,other,other
FairPlay Media Limited,other,other
Fallen Tree Games,other,other
Family Soft,other,other
Fargoal,other,other
Farm 51,other,other
Farmind,other,other
FarSight Studios,other,other
Fast Travel Games,other,other
Fat Fish Games,other,other
Fatbot Games,other,other
Fathammer,other,other
Fatshark,other,other
Favorite,other,other
Feardemic,other,other
Fellow Traveller,other,other
Feng,other,other
Fenix Fire,other,other
Feral Interactive,other,other
Fiendish Games,other,other
FinalBoss Games,other,other
"Fincon Co., Ltd.",other,other
Fingerlab,other,other
Fingersoft,other,other
Finji,other,other
Firebird,other,other
Firebird Software,other,other
FireFly Studios,other,other
FireSky,other,other
First Class Simulations,other,other
First Star Software,other,other
First Touch,other,other
Fishtank Interactive,other,other
FIVE-BN GAMES,other,other
FJRD Interactive,other,other
flaregames,other,other
Flashman Games,other,other
Flashpoint Games,other,other
Flat Earth Games,other,other
Flazm,other,other
flow,other,other
Flyhigh Works,other,other
Flying Edge,other,other
Flying Shine,other,other
FobTi Interactive,other,other
Focus,other,other
Focus on the Family,other,other
Fog,other,other
Force Of Habit,other,other
Forge Reply,other,other
FormGen,other,other
Forst,other,other
ForwardXP,other,other
Four Horses,other,other
Four Lights,other,other
Four Nine,other,other
FPS,other,other
Frame Interactive Studio LLC,other,other
Francis Cota,other,other
Freebird Games,other,other
Freeze Tag,other,other
Freyr Games,other,other
Friend & Foe,other,other
Frima Studio,other,other
Frogster Interactive,other,other
Frontier Developments Inc.,other,other
Frontier Groove,other,other
Fru Blu Games,other,other
Fruitella Games,other,other
FTE Games,other,other
Fugitive Games,other,other
Fujicom,other,other
Full Control Studios,other,other
Fully Ramblomatic,other,other
Fun,other,other
FUN YOURS Technology,other,other
FunSoft,other,other
"Funtactix, Inc",other,other
Fusion Labs,other,other
Future Games of London,other,other
Futuremark Games Studio,other,other
Futurlab 1,other,other
Fuuki,other,other
Fuzzy Wuzzy Games,other,other
FX studio,other,other
FYQD Personal Studio,other,other
G-Collections,other,other
G-mode,other,other
G-Style,other,other
G.rev Ltd.,other,other
G5 Entertainment,other,other
G5 Entertainment AB,other,other
G5 Software,other,other
Gabriele Pellistri,other,other
GAE,other,other
Gaia (GeGeGe),other,other
Gaia Industries,other,other
Gaijin Games Inc.,other,other
Gakushuu Kenkyuusha,other,other
"Gala-Net, Inc.",other,other
GalaxyTrail Games,other,other
Gambitious,other,other
Game Atelier,other,other
Game Circus LLC,other,other
Game Factory Interactive,other,other
Game Freak,other,other
Game Grinder,other,other
Game Hive Corp.,other,other
"Game Insight, LLC",other,other
Game Republic,other,other
Game Studio,other,other
Game Village,other,other
GameBank,other,other
Gamebridge,other,other
GameFools,other,other
GameForge,other,other
Gamehastra,other,other
GameHouse,other,other
Gamelion Studios,other,other
GameOn,other,other
Gamerizon,other,other
GamersGate,other,other
Games Faction,other,other
Games Factory Online,other,other
Games for Friends,other,other
games2be GmbH,other,other
gamesbymo,other,other
GamesCafe,other,other
"GamesCafe, Inc.",other,other
Gameshastra,other,other
Gamestorming,other,other
Gamesys,other,other
GameTap,other,other
GameTomo,other,other
GameUS Inc.,other,other
Gamevil,other,other
"GAMEVIL USA, Inc.",other,other
gamigo,other,other
Gammick Entertainment,other,other
GANZ,other,other
Gaps,other,other
Gaslamp Games,other,other
Gastronaut Studios,other,other
Gateway Interactive,other,other
Gato Salvaje S.L.,other,other
Gazillion Entertainment,other,other
GeneX,other,other
Genius Sonority Inc.,other,other
Gentleman Squid Studio,other,other
Gevo Entertainment,other,other
Ghostfire Games,other,other
Giant Margarita,other,other
Giant Media Group,other,other
Gianty,other,other
Gipnetix Games,other,other
Gizmondo Studios,other,other
Glass Bottom Games,other,other
Glass Knuckle Games,other,other
Glitch Games,other,other
GlobZ,other,other
Glu Games,other,other
Glu Mobile Inc.,other,other
GMF,other,other
GMI,other,other
Go Games Limited,other,other
GOAT Store Publishing,other,other
Godzilab,other,other
Gogii Games,other,other
GoGo-Robot,other,other
GokuFero,other,other
Goldhawk Interactive,other,other
GolemLabs,other,other
Gollop Games,other,other
Good Night Brave Warrior,other,other
Good-feel Co. Ltd.,other,other
Goodbye Galaxy Games,other,other
Goodgame Studios,other,other
GottaPlay Ltd,other,other
Grandslam,other,other
Graphic Simulations,other,other
Grasshopper Manufacture Inc.,other,other
"GRAVITY Co.,Ltd",other,other
Gravity Corporation,other,other
GREE,other,other
Green Lava Studios,other,other
Greenwood Entertainment Software GmbH,other,other
Gremlin Graphics,other,other
Grendel Games,other,other
GriN Multimedia,other,other
Grinding Gear Games,other,other
Grip Games,other,other
Gripati Digital Entertainment,other,other
Griptonite Studio,other,other
GTE Entertainment,other,other
Guilty N,other,other
gumi Inc.,other,other
Gunho Online Entertainment,other,other
Gyko Games,other,other
H2F Informationssysteme GmbH,other,other
Hachikou Shouji,other,other
Hacker International,other,other
Halfbrick Studios,other,other
Hammer Labs,other,other
Hammerfall Publishing,other,other
Hamumu Software,other,other
Hanakai Studio,other,other
Hands On Mobile,other,other
Hands-On Entertainment,other,other
HandyGames,other,other
Happy Mage,other,other
HappySoft,other,other
Harebrained Schemes,other,other
Harmonious Games,other,other
Haruneko,other,other
"Hassey Enterprises, Inc.",other,other
HB Studios Multimedia,other,other
HD Interactive,other,other
Head Games,other,other
Headless Wizard,other,other
Health Pack Games Inc.,other,other
HeartBit Interactive,other,other
Hearthfire Studios,other,other
Helmet Games,other,other
Henchman & Goon,other,other
Henchmen Studios,other,other
HeroCraft,other,other
HES Interactive,other,other
Hexacto Games,other,other
Hexage.net,other,other
HexWar Games,other,other
HI Games & Publishing,other,other
Hi Tech Expressions,other,other
Hi-Rez Studios,other,other
High Horse Entertainment,other,other
High Voltage Software,other,other
hiive,other,other
Himalaya Studios,other,other
Himeya,other,other
HipSoft,other,other
Hirameki International Group,other,other
Hiro,other,other
HMH Interactive,other,other
Hobbico,other,other
Hoget,other,other
Holyday Studios,other,other
Home Data,other,other
Home Media,other,other
Homegrown Games,other,other
Honey Pot,other,other
Honey Soft,other,other
Honeyslug,other,other
HookSoft,other,other
Horberg Productions,other,other
Hori,other,other
Housemarque,other,other
HuCast,other,other
Hudson Soft / West One,other,other
Hug,other,other
Hulu,other,other
Humansoft,other,other
Humble Hearts,other,other
Humongous,other,other
Humongous Entertainment,other,other
Humongous Entertainment.,other,other
Hypersect,other,other
Hypnos,other,other
I.Magic,other,other
I'Max,other,other
I*Motion,other,other
i4,other,other
Ian MacLarty,other,other
IBA Group,other,other
IBM,other,other
ibrahim kocaalioglu,other,other
Icarus Games,other,other
ICD,other,other
Ice Water Games,other,other
Ice-pick Lodge,other,other
Ichikawa,other,other
Icon Games,other,other
iCOOLgeeks,other,other
ICS,other,other
Ides,other,other
iEntertainment Network,other,other
iFree Studio Limited,other,other
iFun4all,other,other
IGG,other,other
IGG.com,other,other
Igor Migun,other,other
Illumination Games,other,other
Illusion,other,other
Illusion Soft,other,other
Illusion Softworks,other,other
Ilusis Interactive Graphics,other,other
Image & Form International AB,other,other
Image Space Incorporated,other,other
Image Works,other,other
Imagineering,other,other
"Imangi Studios, LLC",other,other
IMGN PRO,other,other
Immanitas Entertainment GmbH,other,other
Impact Gameworks,other,other
Imperial Entertainment,other,other
Impressions Games,other,other
In2Games,other,other
IncaGold,other,other
"Incandescent Core, LLC",other,other
Incredible Technologies,other,other
Increment-P,other,other
Independent Arts Software,other,other
Independent Arts Software GmbH,other,other
"Index Digital Media, Inc.",other,other
Indietopia Games,other,other
Infinite Dreams Inc.,other,other
Infinite Fall,other,other
Infinite Game Publishing,other,other
Infinite Loop,other,other
infinity pocket,other,other
Infocom,other,other
Infogrames Melbourne,other,other
Infogrammes Studios,other,other
inkle,other,other
Inlogic Software,other,other
InnoGames,other,other
Inside System,other,other
Intec,other,other
Intelligent Design,other,other
Intellivision Productions,other,other
Intense,other,other
InterAction studios,other,other
Interactive Magic,other,other
Interceptor Entertainment,other,other
Intermarum,other,other
"International Games System Co., Ltd",other,other
Interphase,other,other
Interplay Entertainment Corp.,other,other
Interstel,other,other
Introversion,other,other
INTV Corporation,other,other
InvertMouse,other,other
Invex,other,other
IO Interactive,other,other
Iota,other,other
IPC Software,other,other
Iridium,other,other
Iron Tower Studio,other,other
Irrational Games / Looking Glass Studios,other,other
Isao,other,other
Isayonline Services,other,other
Isbit Games,other,other
Island Creation,other,other
Isotope 244 LLC,other,other
Isotx,other,other
ISP,other,other
Isquared Games,other,other
ITE Media,other,other
ITL,other,other
Ivan Zanotti's MyMadness Works,other,other
Ivanovich Games,other,other
Ivolgamus,other,other
J-Wing,other,other
Jaguar,other,other
Jamo Games,other,other
JanduSoft S.L.,other,other
Janis,other,other
Jarbit,other,other
Jason Rohrer,other,other
Jast,other,other
"JAST Co., Ltd.",other,other
JAVELIN OU,other,other
JC Research,other,other
Jester Interactive,other,other
JFI Games,other,other
Jinx,other,other
Joju Games,other,other
Jose Varela,other,other
Joseph Rothenberg,other,other
JoWood,other,other
JoWood Productions & Piranha Bytes,other,other
Joycity,other,other
Joymax,other,other
JTB West,other,other
Ju Cai,other,other
JuiceBox Games,other,other
Juicy Beast Studio,other,other
Jujubee S.A.,other,other
Junkfish Limited,other,other
Juno,other,other
Jupiter Corporation,other,other
Just Flight,other,other
Just1337 Publisher,other,other
JV Games Inc.,other,other
K2 Network,other,other
Kaasa Solution,other,other
Kabam,other,other
Kaga Tech,other,other
Kairosoft Co. Ltd,other,other
"Kairosoft Co.,Ltd",other,other
Kaixin Network Technology Co. Ltd - loftygame,other,other
Kakao Games,other,other
Kando Games,other,other
Kaneko Co. Ltd,other,other
Karuchua,other,other
Kawada,other,other
Kawamoto Industrial,other,other
KAYAC,other,other
Kaze,other,other
KAZe Co.,other,other
Keen Software House,other,other
Kerberos Productions,other,other
Kerem San,other,other
Kero Makura,other,other
Key,other,other
Keynet,other,other
Keypunch,other,other
kFunction Ltd,other,other
Khabal Gaming,other,other
Kiddinx,other,other
Kiloo Games,other,other
King Games,other,other
King.com,other,other
KingIsle Entertainment,other,other
Kirat,other,other
Kirihara Shoten,other,other
Kirin Entertainment,other,other
Kita Denshi,other,other
Kitfox Games,other,other
Kitty Media,other,other
KLab Global Pte. Ltd.,other,other
Kloonigames,other,other
KnapNok Games,other,other
Kodansha,other,other
Kokakiki,other,other
Kokuyo,other,other
KONANDENKI,other,other
Kongregate,other,other
Konjak,other,other
Kool Kizz,other,other
Koramgame.com,other,other
Korner Entertainment,other,other
Kosaido,other,other
"Kotobuki Solution Co., Ltd.",other,other
Kotobuki Systems,other,other
Koubunsha,other,other
KranX Productions,other,other
Krimzon Fake,other,other
Krisalis,other,other
Kristanix Games,other,other
Krome Studios,other,other
Kumobius,other,other
Kure,other,other
Kwan,other,other
Kyarara,other,other
Kyugo Boueki,other,other
Land Ho,other,other
Lapland Studio,other,other
Larian Studios,other,other
Laser Dog,other,other
Laughing Jackal,other,other
Lay-Up,other,other
lbxgames,other,other
LDW,other,other
Leaf,other,other
LEANDRO PIM,other,other
Left Behind Games,other,other
Left Field Productions,other,other
Legend Entertainment,other,other
Legendary Games,other,other
Legendo Entertainment,other,other
Lemondo Entertainment,other,other
Level 77,other,other
Lexicon Entertainment,other,other
Lexis Numerique,other,other
LG,other,other
Liar Soft,other,other
Libido,other,other
Libii Tech Limited,other,other
Libredia Entertainment,other,other
Lienzo,other,other
Light,other,other
Lilith,other,other
Liminal Games,other,other
Line One Games,other,other
Liquid Games,other,other
Little Chicken Game Company,other,other
Little Worlds Studio,other,other
LJN,other,other
Llamasoft,other,other
Logic,other,other
Logic Artists,other,other
Lonely Troops,other,other
Looking Glass Technologies,other,other
LoopyMood,other,other
LOOT Entertainment,other,other
"Lost Decade Games, LLC",other,other
LOTUM GmbH,other,other
Lozange Lab,other,other
LSP Games,other,other
Lucasfilm Games,other,other
Lucid Games,other,other
Luckshot Games,other,other
Lucky Frame,other,other
Ludia,other,other
Ludic,other,other
Ludobit,other,other
Ludosity AB,other,other
LukPlus,other,other
Lump of Sugar,other,other
Lupinus,other,other
Lyn And Line LLC,other,other
M2 Studios,other,other
M2H,other,other
Ma-Ba,other,other
Mac Play,other,other
MACHINE Studios LLC,other,other
Mad Data,other,other
Mad Monkey Studio,other,other
MADFINGER Games,other,other
Maestro Interactive Games,other,other
MAG Interactive,other,other
Magic Bytes,other,other
Magic Pockets,other,other
Magnolia,other,other
Mahou,other,other
MAIET Entertainment,other,other
"Making Fun, Inc.",other,other
Makivision Games,other,other
Malibu Games,other,other
Mandigo,other,other
MangaGamer,other,other
Manning,other,other
Map Japan,other,other
Mark Smith,other,other
Marmalade,other,other
Masaya,other,other
Mass Creation Sp. z o. o.,other,other
Mass Threat,other,other
Massive Black Inc,other,other
Mateen Pekan,other,other
Matrix Games,other,other
Matt Roszak,other,other
Matt White,other,other
Mattel Electronics,other,other
MaxBet,other,other
Maxistentialism,other,other
Mc O'River,other,other
MC2 Entertainment,other,other
Mebius,other,other
MECC,other,other
Mechabit,other,other
Mechanic Arms,other,other
Mechanist Games,other,other
Medaverse Studios,other,other
Media Group,other,other
Media Kite,other,other
Media-5,other,other
Media.Vision,other,other
Media.Vision Entertainment,other,other
Media5,other,other
Mediaflex Games,other,other
MediaQuest,other,other
Mediatonic,other,other
Mediocre AB,other,other
Medioza,other,other
MegaCyber,other,other
MegaHouse,other,other
Megamedia,other,other
Meister Hero,other,other
Melbourne House,other,other
Meldac,other,other
Melody,other,other
"Mentrix Software, Inc.",other,other
Mercury Games,other,other
Mere Mortals,other,other
"Merge Interactive, Incorporated",other,other
Meridian,other,other
Meridian 4,other,other
Merit Studios,other,other
MERJ Media,other,other
Messiah,other,other
Metanet Software Inc.,other,other
Metro Trains Melbourne,other,other
Metro3D,other,other
MGame,other,other
MGM Interactive,other,other
Michael Bowen,other,other
Michal Brzozowski,other,other
Micott & Basara Inc.,other,other
Micro World,other,other
Microblast Games,other,other
Microforum,other,other
MicroLeague,other,other
Micronet,other,other
Microvalue,other,other
Mid Carolina Media,other,other
MidBoss,other,other
Midnight Magic Games,other,other
Midway,other,other
Midway Studios Austin,other,other
Midway Studios San Diego,other,other
Miel,other,other
Mig Entertainment,other,other
Mika Mobile,other,other
Mike Bithell Games,other,other
MilkCap,other,other
Milton Bradley,other,other
Mind's Eclipse Interactive,other,other
Mindstorm Studios,other,other
Miniclip SA,other,other
Miniclip.com,other,other
Minicore Studios,other,other
Minor I,other,other
Minor Key Games,other,other
"Minority, Inc.",other,other
Mipumi Games GmbH,other,other
Mirrorsoft,other,other
Misfits Attic,other,other
Mistwalker,other,other
Mitsui,other,other
Mixedbag Srl,other,other
Mixtvision,other,other
Mizuki,other,other
Mobage,other,other
"MobCrete, Inc.",other,other
Mobest Media,other,other
Mobigame,other,other
Mobigame SARL,other,other
MobileBits GmbH,other,other
MOBIRIX,other,other
Mobo Studio,other,other
Mode 7,other,other
Modern Media Ventures,other,other
Mommy's Best Games,other,other
Monkey Stories Games,other,other
Monogon Games,other,other
Monolith,other,other
Monolith Productions,other,other
Monster and Monster,other,other
Monster Robot Studios,other,other
Montparnasse Multimedia,other,other
Mooneye Studios,other,other
Moonpod,other,other
"Moonshark, Inc.",other,other
Morgopolis Studios,other,other
Mosaic,other,other
Motion Picture Corporation of America Interactive,other,other
Mountain King Studios,other,other
Mousechief,other,other
MPI Games,other,other
MSN Games,other,other
Mubik,other,other
Multisoft,other,other
Multiverse,other,other
Mura Interactive,other,other
Muro Studios,other,other
Muse Games,other,other
Muse Software,other,other
MUTAN,other,other
MY.COM,other,other
Myth People,other,other
Mythic Entertainment,other,other
Mythicon,other,other
N3V Games Pty Ltd,other,other
Nabi Studios,other,other
NAC Geographic Products Inc.,other,other
Nagase Brothers,other,other
Naked Sky Entertainment,other,other
Namco Networks America,other,other
Namco Tales Studio / Wolfteam,other,other
Nano Games,other,other
Naps Team,other,other
Naquatic LLC,other,other
NASA,other,other
NaturalMotion,other,other
Navel,other,other
NAVER JAPAN,other,other
Nayantara Studios,other,other
NDA Productions,other,other
NDoors Interactive,other,other
nDreams,other,other
NDS Software,other,other
NEC Avenue,other,other
Nekki,other,other
Neko Neko Soft,other,other
Nemesys,other,other
NEOCYON,other,other
Neon Surge,other,other
Neos,other,other
Neowiz Entertainment,other,other
Nerjyzed Entertainment,other,other
NetherRealm Studios / Other Ocean Interactive,other,other
NetVillage,other,other
New Star Games,other,other
NEW WORLD,other,other
Nexeon Technologies,other,other
Nexoft,other,other
Nexon America,other,other
Next Dimension Game Adventures Ltd.,other,other
Next Gen Games,other,other
Nexuiz Team,other,other
NHK,other,other
NHN corp.,other,other
NHN USA,other,other
Niantic,other,other
Nickelodeon,other,other
nifflas,other,other
Night School Studio,other,other
Nigred,other,other
Nihon Bussan,other,other
Nihon System,other,other
Nikita,other,other
Nimblebit,other,other
Nimbly Games,other,other
Nine'sFox,other,other
NineLives,other,other
NinjaBee,other,other
Nippon Clary Business,other,other
Nippon Create,other,other
Nippon Data Works,other,other
Nitrolic Games,other,other
Nitrome,other,other
Nival Interactive,other,other
Nix Hydra Games,other,other
Nnooo,other,other
No Reply Studios,other,other
NOA,other,other
Nocturnal Entertainment,other,other
Nokia,other,other
Nordcurrent,other,other
Norn,other,other
North Star Games,other,other
Nostatic Software,other,other
Novaleaf Game Studios,other,other
Noviy Disk,other,other
Nowhere Studios,other,other
NTVIC,other,other
Numantian Games,other,other
Numizmatic,other,other
Nunchuk Games,other,other
Nuvision Entertainment,other,other
nWay,other,other
Nyamyam,other,other
O2 Games,other,other
Oasis Games Ltd.,other,other
Oberon Media,other,other
Ocelot,other,other
Oddmobb,other,other
Oddworld Inhabitans,other,other
Oddy Arts,other,other
Odenis Studio,other,other
Odenis Studios,other,other
"oeFun, Inc.",other,other
OGPlanet,other,other
Oink Games,other,other
Ole,other,other
Omega,other,other
Omega Micott,other,other
Omega Products,other,other
OMGPOP,other,other
Omnidream Creations,other,other
On Deck Interactive,other,other
One Man Left,other,other
One or Eight Inc.,other,other
one2tribe Sp. z o.o.,other,other
OnGames,other,other
Onion News Network,other,other
online in4mation GmbH,other,other
OnLine Studio Productions LLC,other,other
ootii,other,other
Open Book,other,other
Open Book 9003,other,other
Oracion,other,other
Orange Juice Dog,other,other
Orangenose Studios,other,other
Orbit Soft,other,other
ORiGO Games,other,other
osao,other,other
Other Ocean Interactive,other,other
Out Fit 7 Ltd.,other,other
Out of the Park Developments,other,other
Outgrow,other,other
Outspark,other,other
Overhaul Games,other,other
Oxeye,other,other
Oxygen Games,other,other
Oz Club,other,other
Pacific Century Cyber Works,other,other
Pack In Soft,other,other
Pai,other,other
Pajamas Soft,other,other
Palace Software,other,other
Palcom,other,other
Pallet,other,other
PalSoft,other,other
Pan Vision,other,other
Panda Entertainment,other,other
Panda House,other,other
Pandora Box,other,other
Panesian,other,other
Panic,other,other
Panic Art Studios,other,other
Panic Button,other,other
Panorama,other,other
Pantera,other,other
Panther Software,other,other
Papyrus,other,other
Paranoid Productions,other,other
Paretto,other,other
Parker Brothers,other,other
Pasta Games!,other,other
Peach Princess,other,other
Pearl Abyss,other,other
Peas Soft,other,other
Pelfast,other,other
Penguin Australia,other,other
PennyPop,other,other
Pentavision Entertainment,other,other
Perfect Hat,other,other
Perfect World,other,other
Performance Designed Products,other,other
Perpetuum Game,other,other
Petit Reve,other,other
Petite Games,other,other
PF.Magic,other,other
Phenomedia,other,other
Philips Interactive Media,other,other
Philips Media France,other,other
PhobosLab,other,other
Phoenix Games,other,other
Phoenix Labs,other,other
Phoenix Online Studios,other,other
Phosphor Games,other,other
Photon Productions,other,other
Pi Arts,other,other
PICK Technology Limited,other,other
Pieces Interactive,other,other
Pin Change,other,other
Pink Pineapple,other,other
Pinkerton Road,other,other
Pinky Soft,other,other
Pinpin Team,other,other
Pione Soft,other,other
Pirate Software,other,other
Pix Arts,other,other
Pixel Federation,other,other
Pixel Maniacs,other,other
Pixelsplit,other,other
PixelStorm,other,other
Planeta DeAgostini Interactive,other,other
PlanetG,other,other
Planetwide Games,other,other
Platine Dispositif,other,other
Plato,other,other
Play It,other,other
Play Ten Interactive,other,other
Playaround,other,other
Playbrains,other,other
"Playdek, Inc.",other,other
Playdemic,other,other
PLAYDIUS,other,other
"Playdom, Inc.",other,other
PlayEveryWare Games,other,other
PlayFirst,other,other
PlayFlock,other,other
Playful Entertainment,other,other
Playism,other,other
Playlogic International NV,other,other
Playmore Corporation,other,other
Playrise Edge Ltd.,other,other
Playrix,other,other
Playrix Entertainment,other,other
PlayStation Mobile Inc.,other,other
Playstos Entertainment,other,other
Playtika LTD,other,other
"Pocket Direct, L.L.C.",other,other
Pocket Games Inc,other,other
Pocketwatch Games,other,other
Point of View,other,other
Poisoft,other,other
Polarbit,other,other
Polygram Magic of Japan,other,other
Polynetix Studio,other,other
Polyphony Digital,other,other
Polytron,other,other
PomPom,other,other
PomPom Games,other,other
Ponos,other,other
Popcorn Arcade,other,other
Poppy Works,other,other
Powerhead Games,other,other
Press Play,other,other
Presto Studios,other,other
Private Division,other,other
Privateer Press Interactive,other,other
Probe Entertainment Ltd.,other,other
Produce!,other,other
Progrestar,other,other
Project Two Interactive,other,other
ProjeX,other,other
Prolific Publishing,other,other
Propeller,other,other
Psikyo,other,other
Psychic Software,other,other
Psygnosis / Reflections Interactive,other,other
Psyonix,other,other
Pulse Entertainment,other,other
Pumpie,other,other
Punchline / Shirogumi,other,other
Pygmy Studio,other,other
Pyrodactyl,other,other
Q Entertainment,other,other
Q Entertainment/UserJoy Technology,other,other
Q-Games,other,other
QCF Design,other,other
Quaker Oats,other,other
Quantum Quality,other,other
Quantum Sheep,other,other
"Quark Games, Inc.",other,other
Qubic Games,other,other
QubicGames,other,other
Queasy Games,other,other
Quelle,other,other
Quikding,other,other
Qwiboo,other,other
r2 game,other,other
R2Games,other,other
Rage Software,other,other
Ragequit Corporation,other,other
Rainbird,other,other
Rainbite,other,other
Rainbow Arts,other,other
Rainy Frog,other,other
Rake in Grass,other,other
Random Games Inc.,other,other
Random House,other,other
RaSeN,other,other
Ratalaika Games,other,other
Ratloop Asia Pte Ltd,other,other
Ravensburger Interactive Media,other,other
Raw Fury,other,other
Ray Corporation,other,other
Raya System,other,other
Razorsoft,other,other
RCMADIAX,other,other
rdein,other,other
"Reactor, Inc.",other,other
Real Vision,other,other
RealArcade,other,other
RealNetworks,other,other
"RealNetworks, Inc",other,other
Realore Studios,other,other
Realtec,other,other
Realtech VR,other,other
Rebellion Developments / Saffire,other,other
Recom,other,other
Red 5 Studio,other,other
Red Barrels,other,other
Red Fly Studio,other,other
Red Orb Entertainment,other,other
Red Robot Labs Inc.,other,other
Red-Spell,other,other
RedG Studios,other,other
RedLynx,other,other
RedSpot Games,other,other
Regista,other,other
Reindeer,other,other
Relentless Software,other,other
Reliance Big Entertainment UK Private Ltd,other,other
Relic Entertainment,other,other
Renegade,other,other
Renegade Kid,other,other
Renovation,other,other
"responDESIGN, Inc.",other,other
Revolution,other,other
Rich Olson,other,other
"Rideon Japan, Inc.",other,other
Right Stuff,other,other
Ringzero Game Studio,other,other
Riot,other,other
Riot Games,other,other
Ripstone,other,other
Riverhill Soft,other,other
Riverman Media,other,other
RNOVA Studio,other,other
RntsMedia,other,other
Robert Topala,other,other
Robinson Technologies,other,other
Roblox Corporation,other,other
Robot Entertainment,other,other
Robot Gentleman Studios,other,other
Robotality,other,other
Rocket Science,other,other
Rocket Science Games,other,other
"Rocket Studio, Inc.",other,other
Rockin' Android,other,other
Rockstar,other,other
Rockstar Leeds/North,other,other
"Rogue Play, Inc.",other,other
Rogue Snail,other,other
Roll7,other,other
Romstar,other,other
Ronimo Games,other,other
Roofdog Games,other,other
Rovio Mobile,other,other
RucKyGAMES,other,other
Rudolf Kremers,other,other
Ruffian Games,other,other
Rune,other,other
Runic Games,other,other
RunnerGames,other,other
S2 Games,other,other
Sabarasa Entertainment,other,other
Sabec Limited,other,other
Saber Interactive,other,other
Sabi Games,other,other
Sabotage,other,other
Sachen,other,other
Sada Soft,other,other
Saddleback,other,other
Sage's Creation,other,other
Sakari Indie,other,other
Salio,other,other
Salu,other,other
Sanctuary Woods,other,other
Sand Sailor Studio,other,other
Sandlot Games,other,other
Sandswept Studios,other,other
Sanritsu Denki,other,other
Santa Entertainment,other,other
Santos,other,other
Sanuk Games,other,other
Sanyei Shobou,other,other
Sara International,other,other
Sarah Northway,other,other
Sarbakan,other,other
Saturnine Games,other,other
Saurus,other,other
Scavenger,other,other
SCE Studio San Diego,other,other
SCEA,other,other
SCEA Studio San Diego,other,other
SCEE,other,other
Schell Games,other,other
ScooP,other,other
Score Studios,other,other
Scott Cawthon,other,other
Screenlife,other,other
Screenwave Media,other,other
Screwy Lightbulb,other,other
Seaven Studio,other,other
Secret Base,other,other
Secret Location,other,other
Secret Sorcery,other,other
"Section Studios, Inc.",other,other
Sega Falcom,other,other
Sega Toys,other,other
Sega-AM7,other,other
SegaSoft,other,other
SEI,other,other
Seika,other,other
Seismic,other,other
Sekilala,other,other
SelectSoft,other,other
Semnat Studios,other,other
Serene,other,other
SevenOne Intermedia GmbH,other,other
SFB Games,other,other
SGN,other,other
SGTTB_Studios,other,other
Shadowsoft,other,other
"Shadowsoft, Inc.",other,other
Shanblue Interactive,other,other
Shangri-La,other,other
SharRock,other,other
Shaun Inman,other,other
Shepherd's Worlds,other,other
Shibuya Interactive,other,other
Shield Break Studios,other,other
Shin'en Multimedia,other,other
Shinbyou Planning,other,other
Shingakusha,other,other
Shoeisha,other,other
Shouei,other,other
Shrapnel Games,other,other
Sidebar Games,other,other
Sideline Amusements,other,other
Sierra Online,other,other
Sierra Studios,other,other
Sigma,other,other
Sigma Ent. Inc.,other,other
Sigma Game Limited,other,other
Signal Studios,other,other
Silent Dreams,other,other
Silent Software Inc.,other,other
Silver Creek Entertainment,other,other
Silver Dollar Games 2,other,other
Silver Fox Media,other,other
Silver Star Japan,other,other
Silver Style,other,other
Silverball,other,other
SilverStar,other,other
SimFabric,other,other
Simogo,other,other
Simpy Entertainment,other,other
Sims,other,other
SIMS Co.,other,other
Sinister Cyclops,other,other
Sinxsoft,other,other
Sirlin Games,other,other
"Sirqul, Inc.",other,other
Sirtech,other,other
Sirvo LLC,other,other
Ska Studios,other,other
SkunkWorks,other,other
Sky Think Systems,other,other
Skyjoy Interactive,other,other
Skyworks Interactive,other,other
Slang,other,other
Slick Entertainment,other,other
Slightly Mad Studios,other,other
SlinDev,other,other
Slitherine,other,other
Slitherine Studios,other,other
Smack Down Productions,other,other
Smartly Dressed Games,other,other
SmashGames,other,other
SMG Studio,other,other
Smile Soft,other,other
Smilegate Megaport,other,other
"Smiling Buddha Games, LLC.",other,other
Smosh LLC,other,other
Snaggletooth Studios,other,other
Snail Game,other,other
Snapshot Games,other,other
Snikkabo AS,other,other
Snowbird Game Studios,other,other
Snowcastle Games,other,other
So Much Drama Studios,other,other
Social Point,other,other
Social Quantum,other,other
Societa Daikanyama,other,other
Sofel,other,other
Soft Bank,other,other
Soft Office,other,other
Soft Pro,other,other
Soft Vision International,other,other
SoftDisk Publishing,other,other
SoftEgg Enterprises,other,other
softhouse-seal,other,other
SoftLab Laboratories,other,other
SoftMax,other,other
Softnyx,other,other
Software 2000,other,other
Software House Paseri,other,other
Software Toolworks,other,other
Soldak Entertainment,other,other
Solus Games,other,other
Sonalysts,other,other
Soner Kara,other,other
Songbird Productions,other,other
Sonic Powered,other,other
Sony Imagesoft,other,other
Sony Pictures Digital Network,other,other
Sophia,other,other
Sound Source,other,other
Sound Technology,other,other
South East Games,other,other
Space Ape Games,other,other
"Space Inch, LLC",other,other
Spacetime Studios,other,other
Spark Plug Games,other,other
Sparkle Apps,other,other
SpearHead Games,other,other
Spectravision,other,other
Spellbound,other,other
Spicy Horse,other,other
Spicysoft Corp.,other,other
Spiderweb Software,other,other
Spiel,other,other
Spike Co.,other,other
SPIL GAMES,other,other
Splash,other,other
Sports Interactive,other,other
Spray,other,other
Springloaded,other,other
Spry Fox,other,other
SPS,other,other
Stack,other,other
Star Cave Studios,other,other
Starbreeze,other,other
Starbreeze Studios,other,other
StarHill,other,other
Starplay,other,other
Starsign,other,other
State of Play Games,other,other
Stern,other,other
Stickmen Studios,other,other
Stockpile Studio,other,other
Stolen Couch Games,other,other
StormBASIC,other,other
StormBasic Games,other,other
"Strategic Simulations, Inc",other,other
Strategic Studies Group,other,other
Studio 3,other,other
Studio e-go,other,other
Studio F-Sharp,other,other
Studio Fawn,other,other
Studio Wonder Effect,other,other
Studio Zan,other,other
Studio9,other,other
Subatomic Studios,other,other
Subset Games,other,other
Substantial Inc.,other,other
Sucker Punch Productions,other,other
SuckerFree Games,other,other
Sudden Games,other,other
Summitsoft Entertainment,other,other
Sumo Digital,other,other
SUMO interactive,other,other
SUMS Online Ltd,other,other
Sun Amusement,other,other
Sunny Tam,other,other
Super Fighter Team,other,other
Supergiant Games,other,other
Supersolid Ltd,other,other
Supersonic,other,other
SuperVillain Studios,other,other
Sur de Wave,other,other
Surreal Software,other,other
Survive,other,other
Swan,other,other
Swift Apps,other,other
Swing! Entertainment,other,other
Switchblade Monkeys,other,other
Symphony,other,other
Synergy Inc.,other,other
Syntetic Dreams,other,other
System Sacom,other,other
T&S,other,other
T3 Entertainment,other,other
TACS Games,other,other
Tactics,other,other
Tadashi,other,other
Tag Games,other,other
Taito Corporation,other,other
Takara Tomy ARTS,other,other
Taki,other,other
Tale of Tales,other,other
Taleworlds,other,other
Tammeka Games,other,other
Tamsoft,other,other
Tangram3D,other,other
Tantalus Interactive,other,other
Tantrum Entertainment,other,other
Tap4Fun,other,other
Tapps Tecnologia da Informao Ltda.,other,other
Tasuke,other,other
Tate Multimedia,other,other
TBA,other,other
TBS,other,other
Team Colorblind,other,other
Team Junkfish,other,other
Team Salvato,other,other
Team6,other,other
TeamLava,other,other
Teatime,other,other
Tec Toy,other,other
Techiku,other,other
Techno Soleil,other,other
TechnoBrain,other,other
TechnoSoft,other,other
TecMagik,other,other
Teku Studios,other,other
Telarium,other,other
"Telegames, Inc.",other,other
Telenet,other,other
Telenet Japan,other,other
TEN,other,other
Tencent Games,other,other
Tencent Technology(Shenzhen) Company Limited,other,other
Tenco,other,other
Teotl Studios,other,other
Tera Box,other,other
Terios,other,other
Terrible Toybox,other,other
Tetris Online,other,other
Teyon,other,other
Teyon Entertainment,other,other
TGC,other,other
The Arcade Crew,other,other
The Code Monkeys,other,other
The Codemasters Software Company Limited,other,other
The Dangerous Kitchen,other,other
The Fullbright Company,other,other
The Game Bakers,other,other
The Game Creators,other,other
The Indie Stone,other,other
The LEGO Group,other,other
The Men Who Wear Many Hats LLC,other,other
The Molasses Flood,other,other
The Muteki Corporation,other,other
The ONE,other,other
The Quantum Astrophysicists Guild,other,other
The Quinnspiracy,other,other
The Voxel Agents,other,other
The Working Parts,other,other
thechineseroom,other,other
thesetales,other,other
ThompsonSoft,other,other
Three Donkeys,other,other
Through Games,other,other
Thunder Mountain,other,other
Thunderful Publishing AB,other,other
"Thunderstorm Entertainment Inc.,",other,other
Tiburon Interactive Publishing,other,other
TickTock Games,other,other
TikGames,other,other
Tikipod,other,other
"Timberline Studio, Inc.",other,other
Timbre Interactive,other,other
TimeGate Studios,other,other
Tin Man Games,other,other
TinkerBell,other,other
"TinyCo, Inc.",other,other
TNN,other,other
Toasty Games,other,other
Toco Games,other,other
Toei Animation,other,other
Tohoku Shinsha,other,other
Tokuma Shoten,other,other
Tokyo Electron,other,other
Tom Create,other,other
Tomorrow Corporation,other,other
Tonkin House,other,other
tono / Ctrl+k,other,other
Tony Sergi,other,other
TOPGAME,other,other
Toplitz Productions,other,other
Topologika,other,other
TopWare,other,other
Toshiba EMI,other,other
Total Eclipse,other,other
Total Mayhem Games,other,other
Touchable,other,other
Touz,other,other
Toydea Inc.,other,other
Tozai Games,other,other
TQ Digital Entertainment,other,other
TRADEGAME Lab Inc.,other,other
Tradewest,other,other
TransGaming,other,other
Transolar Games,other,other
Trapped Nerve Games,other,other
Travian Games GmbH,other,other
Treasure,other,other
Treco,other,other
TreeFall Studios,other,other
Trendverlag,other,other
tri-Ace,other,other
Triangle,other,other
Triangle Studios,other,other
Triffix,other,other
Trilobyte,other,other
Triniti Interactive,other,other
Trinket Studios,other,other
Trust,other,other
Tsunami Media,other,other
Tubby Games,other,other
Turbo Technologies,other,other
Turborilla,other,other
Twilight Frontier,other,other
Twisted Pixel Games,other,other
Twisted Tree,other,other
Two Desperados,other,other
TwoFive,other,other
U.S. Army,other,other
Uber Entertainment,other,other
Ubiquitous Media Corp.,other,other
Ubisoft Romania,other,other
Ubisoft Shanghai,other,other
uClick,other,other
UEP Systems,other,other
UFO Interactive Games,other,other
Ugamehome,other,other
Ultra Runaway Games,other,other
Unbalance,other,other
Undercoders,other,other
Undergames,other,other
Undermoon,other,other
Unicorn-A,other,other
UNiSONSHIFT,other,other
United Developers,other,other
Unity Games,other,other
Unties,other,other
Untouchable,other,other
Up Multimedia,other,other
Upfall Studios,other,other
UPL,other,other
Urban Plant,other,other
US Games,other,other
UserJoy Technology,other,other
Ustwo Games,other,other
Value Works,other,other
Vanguard,other,other
Varie,other,other
Vasili Tryndyk,other,other
Vblank Entertainment Inc.,other,other
VD-dev,other,other
Vector 2 Games,other,other
Vector Unit,other,other
Vector Unit Studios,other,other
Vega,other,other
Velocity Development,other,other
Velocity Inc.,other,other
Vertex Pop,other,other
Vertigo Games,other,other
Vexel Games,other,other
Vicarious Visions,other,other
Vidtec,other,other
Vile Monarch,other,other
Ving,other,other
Virgin Games,other,other
Virgin Mastertronic,other,other
Virgin Play,other,other
Virtual Air Guitar Company,other,other
Virtual Playground,other,other
Virtual Programming Ltd,other,other
Virtual Racing Industries Ltd.,other,other
Virtual Toys,other,other
Vise,other,other
Vision Games,other,other
Vision Soft,other,other
Visit,other,other
Vitrex Multimedia,other,other
Vivid Games,other,other
Vivid Helix,other,other
Vivid Interactive,other,other
VIZ Media,other,other
Vogster Entertainment,other,other
VOLV LLC,other,other
VooFoo Studios,other,other
"VOOZ CO.,LTD",other,other
VRChat Inc.,other,other
Vtree Entertainment,other,other
Waffle,other,other
Wahoo Studios,other,other
Waka Interactive Entertainment,other,other
Waka Mfg,other,other
Wanadoo,other,other
Wanadoo Edition,other,other
Wander MMO,other,other
Wastelands Interactive,other,other
WaterMelon,other,other
Wave,other,other
WaveDNA,other,other
Wax Lyrical Games,other,other
Way Forward,other,other
WayForward,other,other
Webfoot Technologies,other,other
Webzen,other,other
Weird and Wry,other,other
WeirdBeard,other,other
Well Made,other,other
"WeMade Entertainment CO., LTD",other,other
Wesson International,other,other
West Coast Software,other,other
WestVision,other,other
WHA Entertainment,other,other
While,other,other
White Lotus Interactive,other,other
White Paper Games,other,other
WhiteBigRabbit,other,other
Wicked Interactive,other,other
Wicked Loot,other,other
Wiering Software,other,other
WildTangent,other,other
William Chyr Studio,other,other
Williams,other,other
"Williams Electronic Games, Inc.",other,other
Williams Electronics,other,other
Williams Entertainment Inc.,other,other
Winged Pixel Inc.,other,other
Winky Soft,other,other
Winter Wolves Game Studio,other,other
Winter Wolves Studio,other,other
Wisdom Tree,other,other
Witch,other,other
Witch Beam Games,other,other
Witt Interactive Software,other,other
Wiz Technology,other,other
Wizards Time LLC,other,other
WizardWorks,other,other
Wolf Team,other,other
Wolfire Games,other,other
Wolfteam / Namco Tales Studio,other,other
Wonderful Tree Studio,other,other
wooga,other,other
WorkJam,other,other
Worlds Apart,other,other
WXP / Screenlife Games,other,other
Xendex,other,other
Xform,other,other
XGen Studios,other,other
XGenStudios,other,other
Xiao Yao,other,other
Xider Games,other,other
Xing Entertainment,other,other
XMG Studio Inc.,other,other
Xonox,other,other
XPEC Entertainment,other,other
XperimentalZ Games,other,other
Xplosiv,other,other
Xuse,other,other
XWego,other,other
XYPE,other,other
Yamago,other,other
Yanim Studio,other,other
Yanoman,other,other
YCJY,other,other
yeo,other,other
"YGGDRAZIL GROUP CO.,LTD",other,other
Yojigen,other,other
Yokcos,other,other
Yoshimoto Kogyo,other,other
Youda Games,other,other
Young Fun Studio,other,other
Yudo,other,other
Yuke's Osaka,other,other
Yuki,other,other
Yullaby,other,other
Yutaka,other,other
Zallag,other,other
Zamuse,other,other
Zatun,other,other
Zaxis Games,other,other
Zeboyd Games,other,other
"Zeichenkraftwerk Jeutter, Schaller, Staeger GbR",other,other
Zellers,other,other
ZeNfA Productions,other,other
ZeptoLab,other,other
Zerodiv,other,other
Zeta Multimedia,other,other
Zoink Games,other,other
Zombie Cow Studios,other,other
Zombie Studios,other,other
Zoom,other,other
ZoopTEK,other,other
Zordix AB,other,other
Zotnip,other,other
ZQGame,other,other
Zynga,other,other